a_star,radius_rg,zero_torque_flux,stressed_flux_delta_eta_0p02
-0.5,7.554584714512358,0.0,5.616285943615412e-06
-0.5,7.614445557517515,1.4964414767892656e-09,5.428673919458799e-06
-0.5,7.674780724480996,5.723626060073523e-09,5.250680281842064e-06
-0.5,7.735593973839974,1.2394333979229765e-08,5.081740233709492e-06
-0.5,7.796889093812637,2.121432839353256e-08,4.9212945977365845e-06
-0.5,7.858669902634166,3.1914206892932064e-08,4.7688210093294605e-06
-0.5,7.92094024879459,4.424748152509113e-08,4.623831377527578e-06
-0.5,7.983704011278512,5.798880797527627e-08,4.485869531752253e-06
-0.5,8.046965099806743,7.293235175347932e-08,4.354509039777388e-06
-0.5,8.110727455079846,8.889028030006418e-08,4.229351183544284e-06
-0.5,8.174995049023625,1.0569137087907821e-07,4.110023080572832e-06
-0.5,8.239771885036527,1.231797249973598e-07,3.996175939748551e-06
-0.5,8.305061998239038,1.4121358087645042e-07,3.887483441198642e-06
-0.5,8.370869455725042,1.5966421622095356e-07,3.783640230819989e-06
-0.5,8.437198356815161,1.78414934178626e-07,3.684360520795856e-06
-0.5,8.504052833312123,1.973601259805438e-07,3.5893767881432337e-06
-0.5,8.571437049758138,2.1640440428933517e-07,3.4984385639759175e-06
-0.5,8.639355203694317,2.354618017757762e-07,3.4113113067555864e-06
-0.5,8.707811525922152,2.5445502989239816e-07,3.327775353339192e-06
-0.5,8.77681028076706,2.7331479322227243e-07,3.2476249421212393e-06
-0.5,8.84635576634402,2.919791551548207e-07,3.170667303017628e-06
-0.5,8.916452314825317,3.103929509820974e-07,3.0967218094481407e-06
-0.5,8.987104292710402,3.285072448211769e-07,3.0256191878504437e-06
-0.5,9.05831610109789,3.46278827053974e-07,2.9572007806027805e-06
-0.5,9.130092175959724,3.636697492372658e-07,2.891317858548394e-06
-0.5,9.202436988417496,3.80646893675285e-07,2.827830979604635e-06
-0.5,9.275355045020964,3.971815750666907e-07,2.7666093902056857e-06
-0.5,9.348850888028785,4.132491718389595e-07,2.7075304665723115e-06
-0.5,9.42292909569146,4.288287849681487e-07,2.650479193026999e-06
-0.5,9.49759428253652,4.4390292225138954e-07,2.5953476747794565e-06
-0.5,9.57285109965599,4.584572061550415e-07,2.542034682797507e-06
-0.5,9.648704234996101,4.724801035050094e-07,2.4904452285541104e-06
-0.5,9.725158413649332,4.859626754168689e-07,2.4404901666021895e-06
-0.5,9.802218398148735,4.988983459848046e-07,2.39208582307808e-06
-0.5,9.87988898876461,5.112826883596545e-07,2.3451536483714993e-06
-0.5,9.958175023803532,5.231132269489552e-07,2.2996198923266283e-06
-0.5,10.037081379909736,5.343892545665071e-07,2.255415300455937e-06
-0.5,10.116612972368891,5.451116634460183e-07,2.2124748297563026e-06
-0.5,10.1967747554143,5.552827891136635e-07,2.170737382816758e-06
-0.5,10.277571722535503,5.649062661885631e-07,2.1301455589996044e-06
-0.5,10.359008906789336,5.739868952487901e-07,2.0906454215621655e-06
-0.5,10.441091381113454,5.825305199630874e-07,2.052186279664951e-06
-0.5,10.523824258642337,5.905439137473455e-07,2.0147204842856955e-06
-0.5,10.607212693025804,5.980346752587055e-07,1.97820323712644e-06
-0.5,10.691261878750039,6.05011132089535e-07,1.94259241166318e-06
-0.5,10.775977051461181,6.114822520700661e-07,1.9078483855463073e-06
-0.5,10.86136348829146,6.174575616309535e-07,1.8739338836139546e-06
-0.5,10.947426508187917,6.229470707162364e-07,1.8408138308302043e-06
-0.5,11.03417147224375,6.279612037739513e-07,1.8084552145069129e-06
-0.5,11.121603784032267,6.325107363853516e-07,1.7768269552109924e-06
-0.5,11.209728889943458,6.36606737124835e-07,1.745899785798939e-06
-0.5,11.298552279523335,6.402605142720361e-07,1.7156461380579646e-06
-0.5,11.388079485815807,6.434835670239474e-07,1.686040036467381e-06
-0.5,11.478316085707409,6.462875408804741e-07,1.6570569986265192e-06
-0.5,11.569267700274676,6.486841868992854e-07,1.6286739419249833e-06
-0.5,11.660939995134298,6.506853245378074e-07,1.6008690960592984e-06
-0.5,11.753338680796048,6.523028078198335e-07,1.5736219210257954e-06
-0.5,11.846469513018501,6.535484945827142e-07,1.5469130302437219e-06
-0.5,11.940338293167583,6.544342185785271e-07,1.5207241184853792e-06
-0.5,12.034950868577944,6.549717642178579e-07,1.4950378943103873e-06
-0.5,12.130313132917212,6.551728437607293e-07,1.4698380167218152e-06
-0.5,12.226431026553119,6.550490767717416e-07,1.4451090357789635e-06
-0.5,12.323310536923547,6.546119716702239e-07,1.42083633691952e-06
-0.5,12.420957698909497,6.538729092175886e-07,1.3970060887592138e-06
-0.5,12.519378595211029,6.528431277951765e-07,1.373605194151949e-06
-0.5,12.61857935672614,6.515337103362808e-07,1.3506212443073436e-06
-0.5,12.718566162932714,6.499555727855911e-07,1.328042475775511e-06
-0.5,12.819345242273432,6.481194539678971e-07,1.3058577301207012e-06
-0.5,12.920922872543763,6.460359067566146e-07,1.2840564161171167e-06
-0.5,13.023305381283027,6.437152904399765e-07,1.2626284743103348e-06
-0.5,13.126499146168555,6.411677641901493e-07,1.2415643437978644e-06
-0.5,13.230510595412968,6.384032815471404e-07,1.2208549310914962e-06
-0.5,13.335346208164609,6.354315858353938e-07,1.2004915809325284e-06
-0.5,13.441012514911144,6.322622064370746e-07,1.1804660489393282e-06
-0.5,13.54751609788637,6.28904455851141e-07,1.1607704759739127e-06
-0.5,13.654863591480233,6.253674274724808e-07,1.1413973641214636e-06
-0.5,13.763061682652102,6.216599940298716e-07,1.1223395541830832e-06
-0.5,13.872117111347332,6.177908066261714e-07,1.1035902045885618e-06
-0.5,13.982036670917068,6.137682943278509e-07,1.0851427716413874e-06
-0.5,14.092827208541502,6.096006642549939e-07,1.0669909910138288e-06
-0.5,14.204495625656302,6.052959021263545e-07,1.0491288604150177e-06
-0.5,14.317048878382622,6.008617732172894e-07,1.0315506233595559e-06
-0.5,14.43049397796032,5.963058236913213e-07,1.0142507539686243e-06
-0.5,14.544837991184783,5.916353822693661e-07,9.972239427400592e-07
-0.5,14.660088040847103,5.868575622027018e-07,9.804650832272651e-07
-0.5,14.776251306177773,5.819792635186934e-07,9.639692595708993e-07
-0.5,14.89333502329391,5.770071755104655e-07,9.4773173483061e-07
-0.5,15.011346485650003,5.719477794435782e-07,9.317479400670435e-07
-0.5,15.130293044492252,5.668073514553936e-07,9.160134641279953e-07
-0.5,15.250182109316489,5.615919656238857e-07,9.005240440946209e-07
-0.5,15.371021148329737,5.563074971850551e-07,8.852755563469615e-07
-0.5,15.492817688915423,5.509596258793444e-07,8.702640082101545e-07
-0.5,15.61557931810229,5.455538394090665e-07,8.554855301451503e-07
-0.5,15.73931368303697,5.400954369902648e-07,8.409363684499795e-07
-0.5,15.864028491460436,5.34589532983803e-07,8.266128784397217e-07
-0.5,15.98973151218802,5.290410605913973e-07,8.125115180750169e-07
-0.5,16.11643057559345,5.234547756039984e-07,7.986288420112827e-07
-0.5,16.244133574096576,5.178352601902846e-07,7.849614960418676e-07
-0.5,16.37284846265502,5.121869267145421e-07,7.715062119104776e-07
-0.5,16.502583259259715,5.065140215740552e-07,7.582598024696674e-07
-0.5,16.63334604543437,5.008206290465893e-07,7.452191571632167e-07
-0.5,16.76514496673887,4.951106751398251e-07,7.323812378120297e-07
-0.5,16.897988233276706,4.893879314351123e-07,7.197430746842194e-07
-0.5,17.031884120206403,4.83656018918497e-07,7.073017628311205e-07
-0.5,17.166840968256984,4.779184117928505e-07,6.950544586723215e-07
-0.5,17.302867184247564,4.721784412653446e-07,6.829983768136628e-07
-0.5,17.439971241610976,4.6643929930504143e-07,6.71130787083114e-07
-0.5,17.578161680921706,4.6070404236610907e-07,6.594490117705771e-07
-0.5,17.717447110427777,4.549755950723384e-07,6.479504230582422e-07
-0.5,17.857836206587116,4.4925675385924416e-07,6.366324406290717e-07
-0.5,17.999337714607904,4.435501905705086e-07,6.254925294418535e-07
-0.5,18.141960448993444,4.3785845600567744e-07,6.145281976617251e-07
-0.5,18.28571329409117,4.3218398341660383e-07,6.037369947360089e-07
-0.5,18.430605204646117,4.265290919502308e-07,5.931165096055815e-07
-0.5,18.576645206358716,4.2089599003592074e-07,5.826643690429318e-07
-0.5,18.723842396447026,4.152867787153432e-07,5.723782361081434e-07
-0.5,18.872205944213444,4.0970345491371557e-07,5.622558087150859e-07
-0.5,19.021745091615866,4.0414791465098837e-07,5.52294818300172e-07
-0.5,19.172469153843398,3.9862195619207034e-07,5.424930285867729e-07
-0.5,19.32438751989663,3.9312728313525424e-07,5.328482344386976e-07
-0.5,19.4775096531725,3.8766550743815446e-07,5.233582607965203e-07
-0.5,19.63184509205376,3.8223815238082065e-07,5.140209616911053e-07
-0.5,19.787403450503234,3.768466554655971e-07,5.048342193287956e-07
-0.5,19.94419441866259,3.714923712536468e-07,4.957959432432868e-07
-0.5,20.102227763456046,3.6617657413807783e-07,4.869040695094034e-07
-0.5,20.26151332919873,3.609004610537488e-07,4.781565600143333e-07
-0.5,20.42206103820994,3.5566515412397064e-07,4.6955140178218074e-07
-0.5,20.583880891431203,3.504717032443931e-07,4.610866063479422e-07
-0.5,20.74698296904929,3.453210886044241e-07,4.5276020917723053e-07
-0.5,20.91137743112411,3.402142231466924e-07,4.4457026912838816e-07
-0.5,21.07707451822162,3.35151954965081e-07,4.3651486795379474e-07
-0.5,21.24408455205175,3.301350696418745e-07,4.285921098373365e-07
-0.5,21.41241793611133,3.251642925247881e-07,4.2080012096535855e-07
-0.5,21.582085156332194,3.2024029094448976e-07,4.1313704912840167e-07
-0.5,21.75309678173436,3.153636763734302e-07,4.0560106335135077e-07
-0.5,21.92546346508441,3.1053500652679945e-07,3.9819035354974636e-07
-0.5,22.099195943559018,3.057547874064014e-07,3.9090313021009965e-07
-0.5,22.27430503941394,3.010234752883501e-07,3.8373762409227183e-07
-0.5,22.45080166065798,2.963414786554958e-07,3.766920859520951e-07
-0.5,22.62869680173263,2.917091600754502e-07,3.6976478628246616e-07
-0.5,22.808001544196856,2.871268380252893e-07,3.6295401507145994e-07
-0.5,22.988727057417428,2.825947886636824e-07,3.562580815757689e-07
-0.5,23.17088459926469,2.781132475516466e-07,3.4967531410831607e-07
-0.5,23.354485516813828,2.7368241132276017e-07,3.4320405983861117e-07
-0.5,23.539541247051734,2.693024393039037e-07,3.368426846047373e-07
-0.5,23.726063317589414,2.649734550874789e-07,3.3058957273581697e-07
-0.5,23.914063347380118,2.606955480561726e-07,3.2444312688399897e-07
-0.5,24.10355304744303,2.5646877486121076e-07,3.1840176786496283e-07
-0.5,24.294544221592922,2.5229316085516295e-07,3.124639345061173e-07
-0.5,24.487048767175263,2.4816870148022107e-07,3.0662808350160997e-07
-0.5,24.681078675807534,2.4409536361305305e-07,3.0089268927349625e-07
-0.5,24.87664603412601,2.4007308686714943e-07,2.952562438383091e-07
-0.5,25.073763024538884,2.3610178485368683e-07,2.897172566784235e-07
-0.5,25.272441925984932,2.3218134640186278e-07,2.8427425461761277e-07
-0.5,25.47269511469856,2.283116367397182e-07,2.7892578170029753e-07
-0.5,25.674535064980674,2.2449249863634454e-07,2.7367039907393513e-07
-0.5,25.87797434997576,2.2072375350650576e-07,2.685066848741729e-07
-0.5,26.08302564245509,2.170052024785214e-07,2.634332341122606e-07
-0.5,26.289701715606157,2.1333662742646594e-07,2.5844865856447106e-07
-0.5,26.498015443828326,2.0971779196745462e-07,2.5355158666303984e-07
-0.5,26.707979803534844,2.061484424250147e-07,2.487406633884094e-07
-0.5,26.91960787396116,2.0262830875944605e-07,2.4401455016250837e-07
-0.5,27.13291283797962,1.9915710546593885e-07,2.393719247427039e-07
-0.5,27.3479079829208,1.957345324414571e-07,2.3481148111634346e-07
-0.5,27.564606701401004,1.923602758210819e-07,2.303319293955291e-07
-0.5,27.78302249215676,1.8903400878476983e-07,2.2593199571205967e-07
-0.5,28.00316896088545,1.8575539233527804e-07,2.2161042211231562e-07
-0.5,28.225059821093076,1.8252407604808054e-07,2.1736596645196016e-07
-0.5,28.44870889494831,1.7933969879403754e-07,2.1319740229030744e-07
-0.5,28.674130114143658,1.7620188943562844e-07,2.091035187842834e-07
-0.5,28.901337520763224,1.731102674974689e-07,2.050831205818492e-07
-0.5,29.13034526815747,1.7006444381185437e-07,2.0113502771480573e-07
-0.5,29.361167621824826,1.6706402114008068e-07,1.9725807549093565e-07
-0.5,29.593818960300364,1.6410859477022489e-07,1.9345111438539882e-07
-0.5,29.828313776051452,1.611977530921007e-07,1.8971300993135365e-07
-0.5,30.064666676380536,1.5833107815001793e-07,1.8604264260971895e-07
-0.5,30.30289238433508,1.555081461740816e-07,1.8243890773811927e-07
-0.5,30.543005739624633,1.5272852809063483e-07,1.7890071535895106e-07
-0.5,30.78502169954539,1.4999179001246599e-07,1.7542699012654317e-07
-0.5,31.028955339911704,1.4729749370942417e-07,1.7201667119343445e-07
-0.5,31.274821855995437,1.4464519706005107e-07,1.686687120957714e-07
-0.5,31.522636563472275,1.4203445448478985e-07,1.6538208063780706e-07
-0.5,31.772414899376017,1.3946481736136618e-07,1.6215575877553112e-07
-0.5,32.024172423059966,1.3693583442288118e-07,1.589887424994296e-07
-0.5,32.27792481716633,1.3444705213920816e-07,1.5588004171643876e-07
-0.5,32.53368788860306,1.3199801508215292e-07,1.5282868013104653e-07
-0.5,32.79147756952851,1.2958826627497945e-07,1.49833695125651e-07
-0.5,33.05130991834391,1.2721734752671522e-07,1.4689413764011705e-07
-0.5,33.31320112069367,1.2488479975182587e-07,1.440090720506608e-07
-0.5,33.57716749047365,1.2259016327565663e-07,1.411775760480168e-07
-0.5,33.84322547084732,1.203329781261542e-07,1.3839874051497219e-07
-0.5,34.11139163527022,1.1811278431229885e-07,1.3567166940328283e-07
-0.5,34.38168268852211,1.1592912208971161e-07,1.3299547961003633e-07
-0.5,34.65411546774785,1.1378153221384798e-07,1.3036930085348408e-07
-0.5,34.928706943505915,1.1166955618120434e-07,1.2779227554839528e-07
-0.5,35.20547422082586,1.095927364589363e-07,1.2526355868096792e-07
-0.5,35.48443454027355,1.0755061670329665e-07,1.2278231768335503e-07
-0.5,35.76560527902529,1.0554274196726855e-07,1.2034773230784147e-07
-0.5,36.04900395195027,1.0356865889777832e-07,1.1795899450072815e-07
-0.5,36.334648212701566,1.016279159228228e-07,1.1561530827594116e-07
-0.5,36.622555854815886,9.972006342890039e-08,1.1331588958844716e-07
-0.5,36.91274481282193,9.784465392907509e-08,1.1105996620750827e-07
-0.5,37.205233163357605,9.600124222199072e-08,1.0884677758980527e-07
-0.5,37.500039126296066,9.418938554216642e-08,1.0667557475248258e-07
-0.5,37.79718106588069,9.240864370191738e-08,1.045456201461896e-07
-0.5,38.09667749186895,9.065857922515053e-08,1.0245618752810809e-07
-0.5,38.398547060685644,8.8938757473372e-08,1.0040656183504958e-07
-0.5,38.70280857658474,8.724874676418023e-08,9.839603905665398e-08
-0.5,39.00948099282109,8.558811848252386e-08,9.642392610873114e-08
-0.5,39.31858341283075,8.395644718498194e-08,9.448954070677575e-08
-0.5,39.63013509142129,8.235331069734933e-08,9.259221123971604e-08
-0.5,39.94415543597094,8.077829020577213e-08,9.073127664392841e-08
-0.5,40.26066400763776,7.923097034165672e-08,8.890608627753303e-08
-0.5,40.579680522577995,7.771093926064027e-08,8.71159997950588e-08
-0.5,40.90122485317437,7.621778871579957e-08,8.536038702245968e-08
-0.5,41.22531702927389,7.475111412535419e-08,8.363862783255081e-08
-0.5,41.551977239435615,7.331051463507506e-08,8.195011202089305e-08
-0.5,41.881225832188264,7.189559317560079e-08,8.029423918215251e-08
-0.5,42.21308331729766,7.05059565148705e-08,7.867041858697314e-08
-0.5,42.54757036704459,6.914121530587045e-08,7.707806905939379e-08
-0.5,42.88470781751221,6.780098412988171e-08,7.55166188548381e-08
-0.5,43.224516669884316,6.648488153541407e-08,7.39855055387064e-08
-0.5,43.56701809175321,6.519253007300484e-08,7.248417586559914e-08
-0.5,43.91223341843868,6.392355632605909e-08,7.101208565920203e-08
-0.5,44.26018415431664,6.267759093788214e-08,6.956869969284419e-08
-0.5,44.610891974158974,6.145426863510048e-08,6.815349157078805e-08
-0.5,44.96437872448361,6.025322824757509e-08,6.676594361022351e-08
-0.5,45.320666424915395,5.907411272501303e-08,6.54055467240444e-08
-0.5,45.679777269557775,5.791656915038579e-08,6.407180030439134e-08
-0.5,46.04173362837531,5.6780248750302244e-08,6.276421210698933e-08
-0.5,46.40655804858718,5.566480690249012e-08,6.148229813631737e-08
-0.5,46.77427325607168,5.456990314049986e-08,6.022558253161151e-08
-0.5,47.14490215678193,5.3495201155753733e-08,5.899359745371502e-08
-0.5,47.51846783817261,5.244036879708435e-08,5.778588297281403e-08
-0.5,47.8949935706384,5.140507806786615e-08,5.6601986957059756e-08
-0.5,48.2745028089632,5.038900512085305e-08,5.5441464962091457e-08
-0.5,48.657019193781586,4.939183025083775e-08,5.4303880121478947e-08
-0.5,49.042566553051046,4.8413237885243435e-08,5.3188803038102825e-08
-0.5,49.43116890353668,4.7452916572739745e-08,5.209581167647333e-08
-0.5,49.822850452306895,4.651055896999116e-08,5.1024491256008934e-08
-0.5,50.21763559824161,4.558586182662783e-08,4.997443414527953e-08
-0.5,50.615548933552,4.467852596853799e-08,4.8945239757231374e-08
-0.5,51.01661524531243,4.37882562795634e-08,4.793651444539537e-08
-0.5,51.4208595170045,4.291476168168472e-08,4.694787140108853e-08
-0.5,51.82830693007336,4.20577551137892e-08,4.597893055162591e-08
-0.5,52.2389828654963,4.1216953509083285e-08,4.502931845953337e-08
-0.5,52.652912905363806,4.039207777124222e-08,4.409866822278261e-08
-0.5,53.07012283447317,3.9582852749360814e-08,4.318661937604468e-08
-0.5,53.490638641934545,3.878900721178463e-08,4.229281779297506e-08
-0.5,53.914486522790206,3.8010273818874474e-08,4.141691558951898e-08
-0.5,54.34169287964585,3.724638909479738e-08,4.055857102826847e-08
-0.5,54.77228432431576,3.6497093398373186e-08,3.971744842383943e-08
-0.5,55.206287679480084,3.576213089306707e-08,3.889321804930134e-08
-0.5,55.6437299803561,3.504124951616902e-08,3.808555604364337e-08
-0.5,56.08463847638194,3.4334200947221916e-08,3.7294144320284316e-08
-0.5,56.529040632914295,3.364074057575841e-08,3.651867047663269e-08
-0.5,56.976964132939194,3.296062746838031e-08,3.5758827704679654e-08
-0.5,57.428436878796475,3.2293624335256266e-08,3.501431470265015e-08
-0.5,57.88348699391787,3.163949749606031e-08,3.428483558768654e-08
-0.5,58.342142824578914,3.0998016845416665e-08,3.357009980958292e-08
-0.5,58.80443294166475,3.036895581788073e-08,3.286982206555454e-08
-0.5,59.270386142449695,2.9752091352508017e-08,3.2183722216049845e-08
-0.5,59.74003145239145,2.9147203857047373e-08,3.151152520159841e-08
-0.5,60.213398126938735,2.8554077171797737e-08,3.085296096069271e-08
-0.5,60.69051565335416,2.7972498533165247e-08,3.020776434869986e-08
-0.5,61.17141375255056,2.740225853695792e-08,2.9575675057801623e-08
-0.5,61.65612238094292,2.6843151101449205e-08,2.8956437537955934e-08
-0.5,62.144671732313924,2.629497343024734e-08,2.8349800918880103e-08
-0.5,62.63709223969521,2.5757525974996344e-08,2.775551893304572e-08
-0.5,63.1334145772629,2.5230612397942714e-08,2.7173349839684817e-08
-0.5,63.63366966224846,2.4714039534394954e-08,2.6603056349800683e-08
-0.5,64.13788865686459,2.4207617355102183e-08,2.6044405552177097e-08
-0.5,64.64610297024642,2.3711158928576684e-08,2.549716884037912e-08
-0.5,65.15834426040804,2.3224480383391806e-08,2.496112184074625e-08
-0.5,65.6746444362146,2.2747400870469866e-08,2.443604434136281e-08
-0.5,66.19503565936998,2.2279742525386948e-08,2.392172022200358e-08
-0.5,66.71955034642009,2.1821330430718907e-08,2.3417937385050995e-08
-0.5,67.24822117077258,2.1371992578440363e-08,2.2924487687368498e-08
-0.5,67.78108106473158,2.093155983240625e-08,2.2441166873133304e-08
-0.5,68.31816322154977,2.0499865890928532e-08,2.19677745076155e-08
-0.5,68.85950109749541,2.0076747249464855e-08,2.1504113911895602e-08
-0.5,69.40512841393712,1.9662043163436868e-08,2.1049992098514012e-08
-0.5,69.9550791594438,1.9255595611199308e-08,2.0605219708050317e-08
-0.5,70.50938759190235,1.8857249257164174e-08,2.0169610946613902e-08
-0.5,71.06808824065152,1.846685141510263e-08,1.974298352424667e-08
-0.5,71.63121590863278,1.8084252011635327e-08,1.9325158594227097e-08
-0.5,72.19880567455839,1.7709303549923413e-08,1.8915960693267247e-08
-0.5,72.77089289509642,1.7341861073569605e-08,1.851521768259199e-08
-0.5,73.34751320707338,1.6981782130747926e-08,1.812276068989953e-08
-0.5,73.92870252969396,1.66289267385635e-08,1.773842405218571e-08
-0.5,74.5144970667787,1.6283157347659424e-08,1.7362045259430718e-08
-0.5,75.10493330901896,1.5944338807074296e-08,1.6993464899133978e-08
-0.5,75.70004803625045,1.5612338329364662e-08,1.6632526601694154e-08
-0.5,76.29987831974384,1.5287025455996542e-08,1.6279076986621678e-08
-0.5,76.90446152451442,1.496827202301427e-08,1.5932965609575668e-08
-0.5,77.51383531164949,1.465595212699364e-08,1.5594044910216504e-08
-0.5,78.12803764065437,1.4349942091290327e-08,1.5262170160869565e-08
-0.5,78.74710677181707,1.405012043257936e-08,1.4937199415981114e-08
-0.5,79.37108126859155,1.3756367827702273e-08,1.4618993462368422e-08
-0.5,80.0,1.3464852626664865e-08,1.4303701316093021e-08
0.0,6.0,0.0,9.37829495996986e-06
0.0,6.052204404847996,3.9721150003452364e-09,9.02436981226497e-06
0.0,6.10486302634358,1.5093089261753864e-08,8.692520957555089e-06
0.0,6.157979816505047,3.250835722339169e-08,8.381197018104491e-06
0.0,6.211558761736149,5.5350002630761246e-08,8.088870399382975e-06
0.0,6.26560388312528,8.283424074803459e-08,7.81413248965218e-06
0.0,6.320119236747254,1.142538935581788e-07,7.555684014203589e-06
0.0,6.375108913967714,1.4897154583074385e-07,7.3123262190627226e-06
0.0,6.430577041750186,1.8641331716246981e-07,7.082952807388794e-06
0.0,6.486527782965812,2.260631917240571e-07,6.866542559495583e-06
0.0,6.542965336705764,2.6745785334563665e-07,6.662152574280819e-06
0.0,6.599893938596396,3.101819788294207e-07,6.468912075973568e-06
0.0,6.657317861117115,3.538639470665618e-07,6.286016735580007e-06
0.0,6.71524141392104,3.9817192572219397e-07,6.112723461300774e-06
0.0,6.773668944158434,4.4281030099551376e-07,5.948345616574804e-06
0.0,6.8326048368029575,4.875164193117349e-07,5.79224862833245e-06
0.0,6.892053514980763,5.32057612803275e-07,5.643845951565172e-06
0.0,6.952019440302447,5.762284831287015e-07,5.502595359485371e-06
0.0,7.012507113197894,6.198484205932521e-07,5.367995531396896e-06
0.0,7.073521073254033,6.627593377051207e-07,5.2395829129593585e-06
0.0,7.13506589955553,7.048235982531203e-07,5.1169288258378375e-06
0.0,7.197146211028451,7.459221247483166e-07,4.9996368058116794e-06
0.0,7.259766666786908,7.859526686546344e-07,4.887340150294958e-06
0.0,7.322931966482729,8.248282292607877e-07,4.779699657919015e-06
0.0,7.3866468506581615,8.624756083331672e-07,4.6764015443619045e-06
0.0,7.450916101101649,8.988340888532639e-07,4.577155519999405e-06
0.0,7.515744541206709,9.33854227193614e-07,4.481693016209313e-06
0.0,7.58113703633392,9.674967490380765e-07,4.38976554830198e-06
0.0,7.647098494176071,9.997315402127766e-07,4.301143204083926e-06
0.0,7.713633865126482,1.0305367243741018e-06,4.215613248000747e-06
0.0,7.780748142650528,1.05989782020718e-06,4.132978831658536e-06
0.0,7.848446363660397,1.0878069714303734e-06,4.053057802299563e-06
0.0,7.916733608893114,1.1142622434826303e-06,3.9756816015126095e-06
0.0,7.985615003291846,1.1392669813007225e-06,3.9006942471022205e-06
0.0,8.055095716390525,1.1628292230738682e-06,3.827951391626206e-06
0.0,8.125180962701826,1.1849611653004474e-06,3.757319451644376e-06
0.0,8.19587600210851,1.2056786748704903e-06,3.6886748022093846e-06
0.0,8.267186140258184,1.2250008442595743e-06,3.6219030315746285e-06
0.0,8.33911672896148,1.2429495862503453e-06,3.5568982515004706e-06
0.0,8.411673166593713,1.25954926489963e-06,3.493562458911952e-06
0.0,8.484860898500028,1.2748263597433748e-06,3.431804945000144e-06
0.0,8.558685417404064,1.2888091604829151e-06,3.3715417481705883e-06
0.0,8.633152263820197,1.3015274896248766e-06,3.312695147526546e-06
0.0,8.70826702646934,1.3130124507569737e-06,3.2551931938362697e-06
0.0,8.784035342698383,1.3232962003324446e-06,3.1989692751716074e-06
0.0,8.86046289890327,1.3324117410113558e-06,3.1439617146250863e-06
0.0,8.937555430955769,1.3403927347676836e-06,3.090113397714359e-06
0.0,9.015318724633937,1.3472733341163775e-06,3.037371427266366e-06
0.0,9.093758616056355,1.353088029949973e-06,2.9856868037444197e-06
0.0,9.172880992120113,1.3578715145970652e-06,2.935014129137166e-06
0.0,9.252691790942634,1.3616585588272092e-06,2.8853113326712924e-06
0.0,9.333197002307315,1.3644839016307208e-06,2.8365394167424266e-06
0.0,9.414402668113075,1.3663821516965056e-06,2.7886622215798603e-06
0.0,9.496314882827779,1.367387699598045e-06,2.7416462072726317e-06
0.0,9.578939793945642,1.367534639777215e-06,2.6954602518871304e-06
0.0,9.662283602448595,1.3668567014896267e-06,2.6500754645020544e-06
0.0,9.746352563271657,1.3653871879418594e-06,2.605465012073337e-06
0.0,9.831152985772379,1.3631589229132082e-06,2.5616039591227717e-06
0.0,9.916691234204352,1.3602042042113702e-06,2.518469119318453e-06
0.0,10.002973728194847,1.3565547633637407e-06,2.4760389180838372e-06
0.0,10.090006943226605,1.3522417309942677e-06,2.4342932654358977e-06
0.0,10.17779741112382,1.3472956073795426e-06,2.3932134383109683e-06
0.0,10.266351720542351,1.341746237719413e-06,2.352781971691961e-06
0.0,10.355676517464202,1.335622791693672e-06,2.31298255789953e-06
0.0,10.4457785056963,1.3289537469120502e-06,2.2737999534572516e-06
0.0,10.53666444737361,1.3217668758955163e-06,2.2352198929827835e-06
0.0,10.628341163466638,1.314089236256797e-06,2.1972290095972306e-06
0.0,10.720815534293342,1.3059471637744231e-06,2.1598147613811425e-06
0.0,10.814094500035498,1.2973662680798717e-06,2.122965363439969e-06
0.0,10.908185061259553,1.288371430699829e-06,2.086669725172855e-06
0.0,11.003094279442028,1.2789868052169538e-06,2.050917392368105e-06
0.0,11.09882927749947,1.269235819331691e-06,2.015698493775417e-06
0.0,11.195397240323032,1.2591411786255773e-06,1.9810036918299933e-06
0.0,11.29280541531769,1.2487248718433582e-06,1.946824137227267e-06
0.0,11.39106111294617,1.2380081775256023e-06,1.9131514270676413e-06
0.0,11.490171707277588,1.2270116718384321e-06,1.8799775663115403e-06
0.0,11.590144636540872,1.2157552374592746e-06,1.8472949323029465e-06
0.0,11.690987403683005,1.20425807338953e-06,1.8150962421368809e-06
0.0,11.79270757693212,1.1925387055762426e-06,1.7833745226624326e-06
0.0,11.895312790365484,1.1806149982348885e-06,1.7521230829276796e-06
0.0,11.998810744482446,1.1685041657743053e-06,1.721335488886153e-06
0.0,12.103209206782354,1.1562227852342258e-06,1.6910055401981275e-06
0.0,12.208516012347495,1.1437868091529766e-06,1.6611272489710424e-06
0.0,12.314739064431134,1.131211578790558e-06,1.6316948202947292e-06
0.0,12.421886335050631,1.1185118376389883e-06,1.6027026344373123e-06
0.0,12.529965865585758,1.1057017451582126e-06,1.5741452305773561e-06
0.0,12.638985767382193,1.0927948906811378e-06,1.5460172919562558e-06
0.0,12.748954222360272,1.079804307436914e-06,1.5183136323433603e-06
0.0,12.859879483629047,1.0667424866464512e-06,1.4910291837140054e-06
0.0,12.97176987610568,1.053621391648356e-06,1.4641589850474687e-06
0.0,13.084633797140222,1.040452472017948e-06,1.4376981721588373e-06
0.0,13.198479717145835,1.0272466776453293e-06,1.4116419684844736e-06
0.0,13.31331618023449,1.0140144727424425e-06,1.3859856767469595e-06
0.0,13.429151804858213,1.0007658497517486e-06,1.360724671430229e-06
0.0,13.54599528445588,9.875103431325151e-07,1.3358543920009698e-06
0.0,13.663855388105677,9.742570430031978e-07,1.3113703368167736e-06
0.0,13.782740961183206,9.610146086206789e-07,1.2872680576656048e-06
0.0,13.902660926025309,9.477912816798797e-07,1.2635431548856296e-06
0.0,14.023624282599755,9.345948994188981e-07,1.2401912730176894e-06
0.0,14.145640109180583,9.214329075168755e-07,1.217208096946337e-06
0.0,14.268717563029542,9.083123727736016e-07,1.1945893484885592e-06
0.0,14.392865881083218,8.952399955614206e-07,1.1723307833923327e-06
0.0,14.518094380646387,8.822221220414625e-07,1.150428188709852e-06
0.0,14.644412460091157,8.692647561373927e-07,1.1288773805127732e-06
0.0,14.771829599562436,8.563735712615931e-07,1.1076742019196507e-06
0.0,14.90035536168929,8.435539217888805e-07,1.0868145214071357e-06
0.0,15.029999392302734,8.308108542751645e-07,1.0662942313798075e-06
0.0,15.160771421159543,8.181491184179383e-07,1.0461092469740874e-06
0.0,15.292681262672573,8.055731777574545e-07,1.0262555050745485e-06
0.0,15.425738816647216,7.930872201176209e-07,1.0067289635220994e-06
0.0,15.559954069024506,7.806951677865315e-07,9.875256004952265e-07
0.0,15.695337092630426,7.684006874369992e-07,9.6864141404681e-07
0.0,15.831898047932008,7.562071997882521e-07,9.500724217805759e-07
0.0,15.969647183799738,7.441178890101696e-07,9.318146606522607e-07
0.0,16.10859483827687,7.321357118721497e-07,9.138641868819543e-07
0.0,16.24875143935515,7.202634066388959e-07,8.962170759650162e-07
0.0,16.390127505757583,7.085035017159577e-07,8.788694227701135e-07
0.0,16.532733647727714,6.968583240477684e-07,8.618173417135017e-07
0.0,16.676580567826065,6.853300072718818e-07,8.450569670001815e-07
0.0,16.821679061733224,6.739204996326937e-07,8.285844529227527e-07
0.0,16.968040019060194,6.626315716583748e-07,8.123959742097247e-07
0.0,17.11567442416552,6.514648236052175e-07,7.964877264160742e-07
0.0,17.2645933569798,6.404216926731567e-07,7.80855926348846e-07
0.0,17.414807993837087,6.295034599969633e-07,7.654968125218388e-07
0.0,17.566329608313826,6.18711257417311e-07,7.504066456335267e-07
0.0,17.719169572074776,6.080460740361346e-07,7.355817090630449e-07
0.0,17.873339355726596,5.975087625608522e-07,7.210183093795967e-07
0.0,18.02885052967858,5.871000454419496e-07,7.067127768609815e-07
0.0,18.185714765011145,5.768205208084879e-07,6.926614660173429e-07
0.0,18.343943834351606,5.666706682061887e-07,6.788607561167215e-07
0.0,18.503549612757844,5.566508541427443e-07,6.653070517092841e-07
0.0,18.6645440786094,5.467613374449389e-07,6.519967831474022e-07
0.0,18.82693931450657,5.370022744321298e-07,6.389264070989899e-07
0.0,18.990747508177087,5.273737239109403e-07,6.260924070521338e-07
0.0,19.15598095339092,5.178756519952937e-07,6.134912938085847e-07
0.0,19.322652050882795,5.085079367568622e-07,6.01119605964914e-07
0.0,19.49077330928301,4.992703727099445e-07,5.889739103793134e-07
0.0,19.660357346056053,4.901626751355438e-07,5.770508026230431e-07
0.0,19.83141688844769,4.81184484248876e-07,5.653469074152011e-07
0.0,20.003964774439996,4.723353692147319e-07,5.5385887903993e-07
0.0,20.17801395371499,4.6361483201487725e-07,5.425834017451309e-07
0.0,20.353577488626353,4.550223111718367e-07,5.315171901221386e-07
0.0,20.530668555179915,4.4655718533307496e-07,5.206569894656618e-07
0.0,20.70930044402234,4.38218776719738e-07,5.099995761136449e-07
0.0,20.88948656143877,4.300063544438933e-07,4.995417577666475e-07
0.0,21.071240430358777,4.219191376983069e-07,4.89280373786627e-07
0.0,21.25457569137144,4.139562988224085e-07,4.792122954747695e-07
0.0,21.43950610374888,4.061169662484325e-07,4.693344263285281e-07
0.0,21.626045546479087,3.9840022733131683e-07,4.5964370227775474e-07
0.0,21.81420801930734,3.9080513106598425e-07,4.501370919000176e-07
0.0,22.00400764378707,3.8333069069552903e-07,4.408115966152155e-07
0.0,22.1954586643395,3.7597588621385826e-07,4.3166425085977714e-07
0.0,22.388575449322868,3.6873966676603384e-07,4.226921222405427e-07
0.0,22.58337249211058,3.616209529496913e-07,4.1389231166869125e-07
0.0,22.77986441217913,3.546186390207539e-07,4.0526195347402363e-07
0.0,22.97806595620509,3.477315950065551e-07,3.9679821549993075e-07
0.0,23.177991999172047,3.4095866872939716e-07,3.884982991793879e-07
0.0,23.379657545486765,3.342986877436323e-07,3.803594395924877e-07
0.0,23.583077730105458,3.277504611890734e-07,3.723789055058352e-07
0.0,23.788267819669475,3.213127815635617e-07,3.6455399939425304e-07
0.0,23.995243213651246,3.149844264175397e-07,3.5688205744534737e-07
0.0,24.20401944550983,3.0876415997320424e-07,3.4936044954730895e-07
0.0,24.414612183856867,3.0265073467088884e-07,3.419865792604725e-07
0.0,24.627037233632333,2.96642892645223e-07,3.347578837731461e-07
0.0,24.84131053729088,2.9073936713351076e-07,3.2767183384218495e-07
0.0,25.05744817599812,2.849388838186977e-07,3.20725933718794e-07
0.0,25.27546637083771,2.7924016210930564e-07,3.1391772106011725e-07
0.0,25.495381484028545,2.736419163585679e-07,3.072447668271004e-07
0.0,25.717210020152944,2.6814285702491484e-07,3.0070467516908986e-07
0.0,25.940968627395097,2.6274169177601133e-07,2.9429508329575303e-07
0.0,26.166674098790725,2.5743712653833286e-07,2.880136613367424e-07
0.0,26.39434337348718,2.522278664943471e-07,2.8185811218967274e-07
0.0,26.62399353801495,2.471126170292096e-07,2.758261713568712e-07
0.0,26.855641827569762,2.420900846288372e-07,2.699156067713742e-07
0.0,27.089305627306313,2.371589777312276e-07,2.641242186126969e-07
0.0,27.325002473642794,2.3231800753273476e-07,2.584498391127974e-07
0.0,27.56275005557723,2.275658887510705e-07,2.528903323527584e-07
0.0,27.802566216014792,2.2290134034666415e-07,2.47443594050626e-07
0.0,28.044468953107145,2.1832308620396737e-07,2.4210755134083515e-07
0.0,28.288476421602972,2.1382985577427232e-07,2.3688016254568223e-07
0.0,28.53460693421071,2.094203846815683e-07,2.317594169392969e-07
0.0,28.78287896297269,2.050934152928555e-07,2.267433345045038e-07
0.0,29.033311140651684,2.0084769725434196e-07,2.2182996568300383e-07
0.0,29.285922262129066,1.9668198799490268e-07,2.170173911192988e-07
0.0,29.5407312858156,1.9259505319806245e-07,2.1230372139869723e-07
0.0,29.797757335074014,1.8858566724385425e-07,2.0768709677986557e-07
0.0,30.05701969965445,1.8465261362170003e-07,2.0316568692221269e-07
0.0,30.318537837141925,1.8079468531557805e-07,1.9873769060854863e-07
0.0,30.582331374416842,1.770106851625657e-07,1.944013354633082e-07
0.0,30.848420109127762,1.7329942618590598e-07,1.9015487766672195e-07
0.0,31.116824011177435,1.696597319036615e-07,1.8599660166525727e-07
0.0,31.38756322422131,1.6609043661396015e-07,1.8192481987862186e-07
0.0,31.660658067179543,1.6259038565789724e-07,1.779378724037054e-07
0.0,31.93612903576171,1.591584356609923e-07,1.7403412671569593e-07
0.0,32.21399680400516,1.5579345475414568e-07,1.702119773666753e-07
0.0,32.49428222582655,1.5249432277505147e-07,1.664698456820348e-07
0.0,32.777006336586894,1.492599314508436e-07,1.6280617945489245e-07
0.0,33.062190354670314,1.4608918456286722e-07,1.5921945263883084e-07
0.0,33.34985568307643,1.429809980943762e-07,1.557081650392031e-07
0.0,33.64002391102669,1.3993430036191335e-07,1.5227084200322993e-07
0.0,33.9327168155846,1.369480321311466e-07,1.4890603410914646e-07
0.0,34.227956363290126,1.3402114671785238e-07,1.4561231685459312e-07
0.0,34.52576471180824,1.3115261007477027e-07,1.4238829034449612e-07
0.0,34.826164211591895,1.2834140086499372e-07,1.3923257897863973e-07
0.0,35.12917740755935,1.2558651052250336e-07,1.361438311390909e-07
0.0,35.434827040786224,1.2288694330054175e-07,1.3312071887774522e-07
0.0,35.74313605021221,1.202417163083467e-07,1.301619376040951e-07
0.0,36.05412757436259,1.1764985953684933e-07,1.2726620577342687e-07
0.0,36.3678249530848,1.1511041587392472e-07,1.2443226457564697e-07
0.0,36.684251729300115,1.1262244110966263e-07,1.216588776248316e-07
0.0,37.00343165077047,1.1018500393223127e-07,1.1894483064971301e-07
0.0,37.3253886718808,1.0779718591478005e-07,1.1628893118519997e-07
0.0,37.65014695543674,1.0545808149388716e-07,1.1369000826510311e-07
0.0,37.9777308744781,1.0316679793998685e-07,1.1114691211617575e-07
0.0,38.30816501410801,1.0092245532022949e-07,1.0865851385361037e-07
0.0,38.64147417333806,9.872418645417761e-08,1.0622370517809228e-07
0.0,38.97768336694944,9.657113686276307e-08,1.0384139807454352e-07
0.0,39.316817827370315,9.446246471086293e-08,1.0151052451263365e-07
0.0,39.65890300656947,9.239734074390727e-08,9.923003614919835e-08
0.0,40.00396457796652,9.037494821882691e-08,9.699890403261143e-08
0.0,40.352028438358694,8.839448282973133e-08,9.481611830924731e-08
0.0,40.70312070986435,8.645515262860538e-08,9.268068793207745e-08
0.0,41.05726774188344,8.455617794137332e-08,9.05916403715129e-08
0.0,41.41449611307508,8.269679127960813e-08,8.854802132854297e-08
0.0,41.774832633352204,8.087623724818099e-08,8.654889445024386e-08
0.0,42.138304345893665,7.909377244914193e-08,8.459334104773564e-08
0.0,42.50493852917384,7.734866538208185e-08,8.268045981663184e-08
0.0,42.87476269900987,7.564019634123292e-08,8.08093665600402e-08
0.0,43.24780461062667,7.396765730955427e-08,7.897919391416901e-08
0.0,43.624092260740035,7.233035185004247e-08,7.718909107659365e-08
0.0,44.0036538896577,7.07275949944732e-08,7.54382235372101e-08
0.0,44.386517983398825,6.915871312979931e-08,7.37257728119278e-08
0.0,44.772713275831855,6.762304388241065e-08,7.205093617913987e-08
0.0,45.16226875083098,6.611993600043877e-08,7.041292641899212e-08
0.0,45.55521364445137,6.464874923430284e-08,6.881097155549127e-08
0.0,45.95157744712335,6.32088542156696e-08,6.724431460147405e-08
0.0,46.351389905865624,6.179963233499973e-08,6.571221330646396e-08
0.0,46.75468102651781,6.042047561783757e-08,6.421393990743169e-08
0.0,47.16148107599235,5.9070786600002814e-08,6.274878088248149e-08
0.0,47.571820584546046,5.774997820182617e-08,6.131603670747417e-08
0.0,47.98573034807135,5.645747360157525e-08,5.991502161560557e-08
0.0,48.4032414304076,5.51927061081925e-08,5.8545063359939546e-08
0.0,48.824385165672304,5.3955119033490065e-08,5.720550297892139e-08
0.0,49.24919316061284,5.274416556390127e-08,5.5895694564856754e-08
0.0,49.67769729697847,5.155930863191724e-08,5.461500503537334e-08
0.0,50.10992973391308,5.040002078731128e-08,5.33628139078609e-08
0.0,50.54592291036871,4.9265784068258656e-08,5.213851307689324e-08
0.0,50.98570954754012,4.815608987243965e-08,5.094150659462007e-08
0.0,51.42932265132047,4.707043882823555e-08,4.977121045414112e-08
0.0,51.87679551477842,4.6008340666084965e-08,4.862705237583651e-08
0.0,52.32816172065678,4.4969314090100666e-08,4.750847159666266e-08
0.0,52.78345514389287,4.395288665001608e-08,4.641491866239548e-08
0.0,53.24270995416084,4.2958594613537275e-08,4.5345855222811856e-08
0.0,53.70596061843607,4.198598283917452e-08,4.4300753829801615e-08
0.0,54.17324190358197,4.1034604649611474e-08,4.3279097738388916e-08
0.0,54.64458887895913,4.010402170568291e-08,4.228038071065717e-08
0.0,55.12003691905737,3.919380388101171e-08,4.130410682255451e-08
0.0,55.59962170615052,3.830352913736988e-08,4.034979027357259e-08
0.0,56.08337923297441,3.743278340079859e-08,3.9416955199264677e-08
0.0,56.571345805428045,3.65811604385569e-08,3.8505135486605684e-08
0.0,57.063558045298464,3.574826173692319e-08,3.7613874592153303e-08
0.0,57.56005289300911,3.4933696379913245e-08,3.674272536301166e-08
0.0,58.06086761039222,3.413708092892734e-08,3.58912498605491e-08
0.0,58.56603978348535,3.3358039303391044e-08,3.5059019186876385e-08
0.0,59.075607325352166,3.259620266240494e-08,3.424561331404363e-08
0.0,59.589608478927815,3.1851209287441487e-08,3.345062091593957e-08
0.0,60.108081819889065,3.112270446611578e-08,3.267363920286664e-08
0.0,60.631066259549385,3.0410340377058955e-08,3.1914273758769535e-08
0.0,61.15860104777924,2.9713775975918842e-08,3.117213838109213e-08
0.0,61.6907257759518,2.903267688250884e-08,3.0446854923235606e-08
0.0,62.227480379914205,2.836671526912484e-08,2.9738053139591445e-08
0.0,62.76890514298483,2.7715569750051132e-08,2.9045370533124954e-08
0.0,63.31504069897646,2.7078925272270198e-08,2.836845220548105e-08
0.0,63.86592803524591,2.6456473007391316e-08,2.770695070958495e-08
0.0,64.42160849577006,2.584791024481597e-08,2.7060525904715227e-08
0.0,64.98212378424877,2.52529402861393e-08,2.6428844814008997e-08
0.0,65.54751596723469,2.467127234081479e-08,2.5811581484388382e-08
0.0,66.11782747729035,2.4102621423076912e-08,2.5208416848866105e-08
0.0,66.69310111617274,2.35467082501364e-08,2.461903859120923e-08
0.0,67.27338005804557,2.3003259141652434e-08,2.404314101293079e-08
0.0,67.85870785271945,2.2472005920486208e-08,2.348042490258045e-08
0.0,68.44912842892032,2.195268581473988e-08,2.2930597407305798e-08
0.0,69.04468609758628,2.1445041361082377e-08,2.239337190665454e-08
0.0,69.64542555519314,2.0948820309367376e-08,2.186846788859263e-08
0.0,70.25139188710885,2.046377552853822e-08,2.1355610827703805e-08
0.0,70.86263057097715,1.998966491382397e-08,2.0854532065546397e-08
0.0,71.47918748013069,1.9526251295223808e-08,2.03649686931372e-08
0.0,72.10110888703377,1.907330234727529e-08,1.9886663435531364e-08
0.0,72.72844146675513,1.863059050010779e-08,1.9419364538473926e-08
0.0,73.36123230047083,1.8197892851775035e-08,1.8962825657092052e-08
0.0,73.99952887899776,1.777499108186011e-08,1.851680574659729e-08
0.0,74.6433791063578,1.736167136635112e-08,1.8081068954972718e-08
0.0,75.2928313033729,1.6957724293781953e-08,1.765538451761687e-08
0.0,75.94793421129177,1.6562944782626957e-08,1.7239526653911492e-08
0.0,76.60873699544763,1.6177131999949193e-08,1.6833274465691575e-08
0.0,77.27528924894828,1.5800089281289306e-08,1.6436411837584326e-08
0.0,77.94764099639796,1.5431624051789244e-08,1.6048727339191488e-08
0.0,78.62584269765166,1.5071547748543168e-08,1.5670014129088187e-08
0.0,79.30994525160216,1.4719675744164853e-08,1.5300069860609062e-08
0.0,80.0,1.4371054702573297e-08,1.493392402040543e-08
0.5,4.233002529530826,0.0,2.0907146459337108e-05
0.5,4.274817346105954,1.776606930176019e-08,1.9959952987960887e-05
0.5,4.317045221466901,6.669513731518666e-08,1.909353431471524e-05
0.5,4.359690235927164,1.422628992998361e-07,1.8300454774616377e-05
0.5,4.402756510106754,2.3994620141257086e-07,1.757347814508457e-05
0.5,4.44624820533035,3.557643794942163e-07,1.6906093242585237e-05
0.5,4.490169524029394,4.862185081930335e-07,1.6292438875588163e-05
0.5,4.534524710148154,6.282376023252278e-07,1.5727237044199465e-05
0.5,4.5793180495538,7.791309269688251e-07,1.5205733409261642e-05
0.5,4.624553870450531,9.365456827910679e-07,1.4723644179239825e-05
0.5,4.6702365437977935,1.0984294276504e-06,1.4277108671274237e-05
0.5,4.716370483732624,1.2629966769306023e-06,1.3862646896002788e-05
0.5,4.762960147996181,1.4286991953136702e-06,1.3477121596336522e-05
0.5,4.810010038364468,1.5941995534271738e-06,1.3117704240157031e-05
0.5,4.857524701083327,1.7583475753978074e-06,1.2781844527454015e-05
0.5,4.905508727307727,1.9201593489743396e-06,1.2467243025052584e-05
0.5,4.953966753545382,2.0787985095407262e-06,1.2171826587907319e-05
0.5,5.002903462104766,2.2335595438637483e-06,1.1893726265911534e-05
0.5,5.052323581547541,2.383852889520265e-06,1.1631257430090822e-05
0.5,5.102231887145465,2.529191632237893e-06,1.1382901882608014e-05
0.5,5.152633201341798,2.6691796263714072e-06,1.1147291741784704e-05
0.5,5.203532394217288,2.803500883877034e-06,1.0923194916851865e-05
0.5,5.2549343839607365,2.9319100948064006e-06,1.0709502007799962e-05
0.5,5.30684413734423,3.0542241578578985e-06,1.0505214483887064e-05
0.5,5.359266670203062,3.170314613164868e-06,1.0309434010391376e-05
0.5,5.412207047920383,3.28010088151662e-06,1.0121352807344181e-05
0.5,5.4656703859166615,3.383544224800497e-06,9.940244936480776e-06
0.5,5.519661850143957,3.480642351806755e-06,9.76545842371276e-06
0.5,5.574186657585092,3.571424601802798e-06,9.596408134225984e-06
0.5,5.629250076757743,3.6559476455947848e-06,9.432569326001211e-06
0.5,5.684857428223522,3.734291650277489e-06,9.27347181527982e-06
0.5,5.741014085102078,3.8065568596121062e-06,9.118694694355602e-06
0.5,5.797725473590282,3.87286054707413e-06,8.96786154818581e-06
0.5,5.854997073486538,3.933334303143689e-06,8.820636121757009e-06
0.5,5.912834418720273,3.988121622438557e-06,8.676718394993675e-06
0.5,5.971243097886666,4.037375759877981e-06,8.535841026331643e-06
0.5,6.030228754786641,4.081257828263158e-06,8.397766129952479e-06
0.5,6.089797088972215,4.119935112506459e-06,8.262282355134275e-06
0.5,6.1499538562972145,4.153579578290826e-06,8.12920223928082e-06
0.5,6.210704869473452,4.182366555208094e-06,7.998359808964233e-06
0.5,6.272055998632373,4.206473576460036e-06,7.869608405812006e-06
0.5,6.334013171892275,4.226079359022931e-06,7.742818716305405e-06
0.5,6.396582375931112,4.241362909801293e-06,7.617876986563447e-06
0.5,6.459769656564962,4.25250274475758e-06,7.4946834049965435e-06
0.5,6.523581119332214,4.259676209309764e-06,7.373150637337314e-06
0.5,6.5880229300835245,4.263058889461333e-06,7.253202500019955e-06
0.5,6.653101315577596,4.2628241041811755e-06,7.134772759198604e-06
0.5,6.718822564082839,4.259142470496836e-06,7.0178040438851e-06
0.5,6.785193025984997,4.252181533612984e-06,6.902246862758008e-06
0.5,6.85221911440074,4.242105455131506e-06,6.788058715164626e-06
0.5,6.919907305797361,4.2290747531371246e-06,6.6752032877128e-06
0.5,6.988264140618548,4.213246088531873e-06,6.563649728641876e-06
0.5,7.057296223916381,4.194772092556399e-06,6.453371992875251e-06
0.5,7.127010225989543,4.173801230941238e-06,6.344348251308459e-06
0.5,7.197412883027844,4.150477700580817e-06,6.23656035847065e-06
0.5,7.268510997763114,4.124941355032294e-06,6.129993373230619e-06
0.5,7.340311440126529,4.097327655509298e-06,6.024635127700753e-06
0.5,7.412821147912418,4.067767644371072e-06,5.920475839928042e-06
0.5,7.486047127448637,4.036387938409372e-06,5.817507766360457e-06
0.5,7.559996454273566,4.003310739503521e-06,5.715724890434898e-06
0.5,7.634676273819791,3.968653860459842e-06,5.61512264396193e-06
0.5,7.71009380210453,3.932530764071397e-06,5.5156976582789815e-06
0.5,7.786256326426897,3.8950506136341665e-06,5.4174475424151096e-06
0.5,7.863171206072044,3.856318333334512e-06,5.320370685755038e-06
0.5,7.940845873022263,3.8164346770857146e-06,5.224466082914208e-06
0.5,8.019287832675095,3.7754963045396144e-06,5.12973317874146e-06
0.5,8.098504664568562,3.7335958631309276e-06,5.036171731550049e-06
0.5,8.178504023113545,3.690822075131796e-06,4.94378169284653e-06
0.5,8.259293638333395,3.647259828803482e-06,4.8525631019817084e-06
0.5,8.340881316610856,3.602990272829728e-06,4.762515994287587e-06
0.5,8.423274941442363,3.5580909133047144e-06,4.6736403213918845e-06
0.5,8.50648247419981,3.5126357126289397e-06,4.585935882518502e-06
0.5,8.5905119548998,3.466695189738315e-06,4.499402265688317e-06
0.5,8.67537150298053,3.420336521157566e-06,4.414038797832009e-06
0.5,8.761069318086356,3.373623642427456e-06,4.3298445029145875e-06
0.5,8.847613680860071,3.3266173495088146e-06,4.2468180672522415e-06
0.5,8.93501295374304,3.279375399814416e-06,4.164957811275793e-06
0.5,9.02327558178323,3.231952612563027e-06,4.0842616670622755e-06
0.5,9.112410093451219,3.184400968188943e-06,4.004727161017487e-06
0.5,9.202425101464279,3.1367697065755765e-06,3.9263514011485e-06
0.5,9.293329303618567,3.0891054239128564e-06,3.849131068415839e-06
0.5,9.385131483629582,3.0414521680076514e-06,3.773062411702655e-06
0.5,9.47784051198089,2.9938515319012594e-06,3.6981412459802676e-06
0.5,9.571465346781245,2.946342745670684e-06,3.6243629532879524e-06
0.5,9.66601503463017,2.898962766312502e-06,3.551722486182013e-06
0.5,9.76149871149211,2.851746365624798e-06,3.480214373339784e-06
0.5,9.857925603579188,2.8047262160203176e-06,3.409832727035072e-06
0.5,9.955305028242707,2.7579329742186606e-06,3.340571252228493e-06
0.5,10.053646394873445,2.7113953627782995e-06,3.272423257040691e-06
0.5,10.152959205810841,2.665140249440323e-06,3.2053816643983725e-06
0.5,10.253253057261198,2.6191927242681466e-06,3.139439024665594e-06
0.5,10.354537640224878,2.573576174574361e-06,3.0745875290892427e-06
0.5,10.456822741432758,2.5283123576354063e-06,3.010819023906099e-06
0.5,10.56011824429184,2.4834214712020507e-06,2.948125024974644e-06
0.5,10.664434129840265,2.4389222218189937e-06,2.886496732807988e-06
0.5,10.769780477711747,2.394831890974023e-06,2.8259250478988983e-06
0.5,10.876167467109509,2.3511663990999323e-06,2.766400586237676e-06
0.5,10.983605377789893,2.307940367458699e-06,2.7079136949365193e-06
0.5,11.092104591055609,2.2651671779390933e-06,2.6504544678819146e-06
0.5,11.201675590758867,2.2228590308040136e-06,2.5940127613475335e-06
0.5,11.312328964314398,2.181027000424394e-06,2.538578209506219e-06
0.5,11.424075403722446,2.139681089039842e-06,2.484140239788116e-06
0.5,11.53692570660191,2.098830278588454e-06,2.430688088039199e-06
0.5,11.650890777233677,2.0584825806480054e-06,2.378210813438809e-06
0.5,11.765981627614265,2.0186450845337533e-06,2.326697313142225e-06
0.5,11.882209378519851,1.9793240035976107e-06,2.276136336617891e-06
0.5,11.999585260580837,1.9405247197749452e-06,2.2265164996543236e-06
0.5,12.118120615367035,1.9022518264250739e-06,2.177826298015181e-06
0.5,12.237826896483531,1.8645091695119175e-06,2.130054120724845e-06
0.5,12.358715670677427,1.8272998871718632e-06,2.083188262970689e-06
0.5,12.480798618955474,1.7906264477146372e-06,2.037216938610076e-06
0.5,12.604087537712761,1.7544906861043007e-06,1.992128292274337e-06
0.5,12.728594339872584,1.7188938389652233e-06,1.947910411062484e-06
0.5,12.854331056037495,1.68383657815949e-06,1.9045513358216301e-06
0.5,12.981309835651825,1.6493190429799986e-06,1.8620390720113422e-06
0.5,13.109542948175587,1.6153408710036451e-06,1.8203616001516443e-06
0.5,13.239042784270062,1.5819012276484132e-06,1.7795068858559992e-06
0.5,13.369821856995042,1.5489988344768045e-06,1.7394628894513265e-06
0.5,13.501892803017919,1.516631996288071e-06,1.7002175751891066e-06
0.5,13.635268383834742,1.4847986270400557e-06,1.661758920051848e-06
0.5,13.769961487003254,1.4534962746412412e-06,1.624074922160771e-06
0.5,13.90598512738824,1.4227221446523263e-06,1.5871536087909501e-06
0.5,14.04335244841903,1.39247312293586e-06,1.5509830440009868e-06
0.5,14.182076723359545,1.3627457972914883e-06,1.5155513358848e-06
0.5,14.322171356590822,1.3335364781135081e-06,1.4808466434537166e-06
0.5,14.463649884906227,1.3048412181063293e-06,1.446857183157302e-06
0.5,14.606525978819462,1.276655831092607e-06,1.4135712350518253e-06
0.5,14.750813443885516,1.2489759099479315e-06,1.3809771486256102e-06
0.5,14.896526222034588,1.2217968436947097e-06,1.349063348290426e-06
0.5,15.043678392919308,1.1951138337872037e-06,1.3178183385485186e-06
0.5,15.192284175275143,1.1689219096186988e-06,1.2872307088449282e-06
0.5,15.34235792829432,1.1432159432807517e-06,1.2572891381147247e-06
0.5,15.493914153013304,1.117990663603658e-06,1.2279823990349178e-06
0.5,15.646967493713959,1.0932406695063114e-06,1.1992993619907425e-06
0.5,15.8015327393386,1.0689604426826685e-06,1.1712289987659065e-06
0.5,15.957624824918934,1.0451443596514277e-06,1.1437603859666032e-06
0.5,16.115258833019247,1.0217867031942702e-06,1.1168827081885987e-06
0.5,16.274449995193706,9.98881673207602e-07,1.0905852609370303e-06
0.5,16.435213693458152,9.764233969914549e-07,1.064857453307977e-06
0.5,16.597565461776412,9.544059389988129e-07,1.0396888104411223e-06
0.5,16.761520987561266,9.328233100677122e-07,1.0150689757525623e-06
0.5,16.92709611319029,9.116694761573178e-07,9.909877129562526e-07
0.5,17.094306837536596,8.909383666092153e-07,9.674349078832084e-07
0.5,17.263169317514794,8.706238819536594e-07,9.444005701066108e-07
0.5,17.433699869642126,8.507199012801303e-07,9.218748343811133e-07
0.5,17.605914971615082,8.312202891910152e-07,8.998479619045881e-07
0.5,17.77983126390159,8.12118902356226e-07,8.783103414100332e-07
0.5,17.955465551348894,7.934095956861973e-07,8.572524900954312e-07
0.5,18.132834804807356,7.750862281397736e-07,8.366650543988475e-07
0.5,18.311956162770297,7.571426681831922e-07,8.165388106261641e-07
0.5,18.492846933029977,7.395727989157232e-07,7.968646654385825e-07
0.5,18.675524594350037,7.22370522876465e-07,7.776336562063408e-07
0.5,18.860006798154345,7.055297665470701e-07,7.588369512357198e-07
0.5,19.046311370232623,6.890444845639004e-07,7.404658498754701e-07
0.5,19.23445631246287,6.729086636529479e-07,7.225117825089561e-07
0.5,19.424459804550807,6.571163263001872e-07,7.049663104379441e-07
0.5,19.616340205786543,6.416615341697665e-07,6.878211256639973e-07
0.5,19.810116056818497,6.265383912816218e-07,6.710680505728973e-07
0.5,20.005806081444987,6.117410469598525e-07,6.546990375275298e-07
0.5,20.203429188423367,5.972636985628562e-07,6.387061683745885e-07
0.5,20.403004473297145,5.831005940054399e-07,6.23081653869908e-07
0.5,20.604551220241095,5.692460340830536e-07,6.078178330274039e-07
0.5,20.808088903924617,5.556943746077197e-07,5.92907172396241e-07
0.5,21.013637191393514,5.424400283648366e-07,5.783422652706685e-07
0.5,21.2212159439703,5.294774668996958e-07,5.641158308368238e-07
0.5,21.430845219173374,5.16801222142301e-07,5.502207132607486e-07
0.5,21.642545272655042,5.044058878784487e-07,5.366498807214148e-07
0.5,21.856336560158784,4.92286121074981e-07,5.233964243926851e-07
0.5,22.072239739495796,4.804366430666519e-07,5.10453557377833e-07
0.5,22.290275672541078,4.688522406117341e-07,4.978146136000913e-07
0.5,22.510465427249216,4.5752776682327504e-07,4.854730466526332e-07
0.5,22.732830279690134,4.464581419825213e-07,4.734224286111507e-07
0.5,22.9573917161049,4.3563835424077013e-07,4.616564488120695e-07
0.5,23.184171434981828,4.250634602157993e-07,4.5016891259947003e-07
0.5,23.41319134915314,4.147285854884739e-07,4.389537400433595e-07
0.5,23.644473587912337,4.0462892500509555e-07,4.280049646320263e-07
0.5,23.878040499152437,3.94759743390846e-07,4.173167319411166e-07
0.5,24.113914651525356,3.8511637517920065e-07,4.0688329828170426e-07
0.5,24.35211883662269,3.756942249623195e-07,3.966990293298676e-07
0.5,24.592676071177884,3.664887674668186e-07,3.86758398739783e-07
0.5,24.835609599290336,3.574955475595382e-07,3.770559867426579e-07
0.5,25.08094289467132,3.487101801872771e-07,3.675864787332725e-07
0.5,25.328699662912186,3.4012835025474115e-07,3.583446638462675e-07
0.5,25.578903843774935,3.3174581244432817e-07,3.4932543352377693e-07
0.5,25.83157961350541,3.2355839098155655e-07,3.405237800762719e-07
0.5,26.08675138716941,3.155619793495472e-07,3.319347952381619e-07
0.5,26.344443821011712,3.07752539955915e-07,3.235536687197238e-07
0.5,26.604681814838635,3.001261037552419e-07,3.1537568675681566e-07
0.5,26.867490514423903,2.9267876983013404e-07,3.0739623065973294e-07
0.5,27.13289531393844,2.8540670493379053e-07,2.996107753625568e-07
0.5,27.400921858404093,2.783061429967791e-07,2.920148879741733e-07
0.5,27.67159604617161,2.7137338460064967e-07,2.84604226332142e-07
0.5,27.94494403142309,2.64604796420917e-07,2.77374537560549e-07
0.5,28.220992226699188,2.579968106416994e-07,2.7032165663279097e-07
0.5,28.499767305451236,2.5154592434434085e-07,2.634415049403335e-07
0.5,28.781296204618556,2.452486988721147e-07,2.5673008886830507e-07
0.5,29.06560612723133,2.391017591730655e-07,2.501834983787994e-07
0.5,29.352724545039088,2.3310179312289398e-07,2.437979056026524e-07
0.5,29.642679201165205,2.272455508297622e-07,2.3756956344047792e-07
0.5,29.935498112787595,2.2152984392273473e-07,2.3149480417362886e-07
0.5,30.231209573845966,2.1595154482551404e-07,2.2557003808573356e-07
0.5,30.52984215777563,2.1050758601702068e-07,2.1979175209539067e-07
0.5,30.831424720268572,2.051949592803479e-07,2.1415650840062127e-07
0.5,31.135986402061572,2.000107149414567e-07,2.0866094313555248e-07
0.5,31.44355663175199,1.9495196109895153e-07,2.033017650398136e-07
0.5,31.75416512864134,1.9001586284620733e-07,1.9807575414109225e-07
0.5,32.06784190560693,1.851996414870384e-07,1.9297976045124857e-07
0.5,32.384617272001954,1.8050057374601733e-07,1.8801070267633496e-07
0.5,32.70452183658404,1.7591599097452841e-07,1.8316556694087536e-07
0.5,33.027586510473014,1.7144327835354373e-07,1.7844140552668902e-07
0.5,33.35384251013756,1.6707987409407408e-07,1.7383533562653653e-07
0.5,33.683321360411654,1.628232686361809e-07,1.6934453811282527e-07
0.5,34.01605489754064,1.5867100384739451e-07,1.649662563215963e-07
0.5,34.35207527225746,1.546206722213111e-07,1.6069779485196572e-07
0.5,34.69141495288921,1.5066991607713294e-07,1.5653651838120942e-07
0.5,35.03410672849452,1.468164267608236e-07,1.5247985049560873e-07
0.5,35.380183712031744,1.4305794384853269e-07,1.4852527253717998e-07
0.5,35.72967934355856,1.3939225435293063e-07,1.4467032246641646e-07
0.5,36.08262739346314,1.3581719193297125e-07,1.4091259374106854e-07
0.5,36.4390619657273,1.3233063610766133e-07,1.3724973421106875e-07
0.5,36.79901750122175,1.2893051147430434e-07,1.336794450296137e-07
0.5,37.162528781034055,1.2561478693170437e-07,1.3019947958045212e-07
0.5,37.529630929829395,1.2238147490873682e-07,1.2680764242136483e-07
0.5,37.90035941924444,1.1922863059870448e-07,1.2350178824385117e-07
0.5,38.27475007131495,1.1615435119982848e-07,1.202798208489825e-07
0.5,38.65283906193701,1.1315677516224372e-07,1.171396921394185e-07
0.5,39.03466292436263,1.1023408144178758e-07,1.1407940112751502e-07
0.5,39.42025855272979,1.0738448876087247e-07,1.11096992959469e-07
0.5,39.80966320562735,1.0460625487672958e-07,1.081905579554541e-07
0.5,40.20291450969531,1.0189767585724952e-07,1.0535823066565323e-07
0.5,40.600050463260345,9.925708536462635e-08,1.0259818894208658e-07
0.5,41.00110944000761,9.66828539470436e-08,9.990865302617736e-08
0.5,41.4061301926885,9.417338833854411e-08,9.728788465191222e-08
0.5,41.81515185686528,9.172713076726494e-08,9.473418616450332e-08
0.5,42.22821395469251,8.934255827217688e-08,9.224589965442822e-08
0.5,42.645356398736,8.701818202845772e-08,8.982140610672226e-08
0.5,43.06661949582931,8.47525466816057e-08,8.745912456538628e-08
0.5,43.492043950968615,8.254422969038922e-08,8.51575113127704e-08
0.5,43.921670871245645,8.039184067873617e-08,8.291505906381121e-08
0.5,44.35554176981983,7.829402079658844e-08,8.073029617493026e-08
0.5,44.793698569929525,7.624944208982461e-08,7.860178586748736e-08
0.5,45.236183608942916,7.425680687926586e-08,7.65281254656022e-08
0.5,45.68303964244887,7.231484714880632e-08,7.450794564819173e-08
0.5,46.134309848388256,7.042232394269272e-08,7.253990971506083e-08
0.5,46.59003783122604,6.857802677196993e-08,7.062271286688386e-08
0.5,47.05026762616476,6.678077303007961e-08,6.875508149889065e-08
0.5,47.5150437033992,6.502940741762758e-08,6.693577250810652e-08
0.5,47.984410972413585,6.332280137628352e-08,6.516357261394917e-08
0.5,48.45841478632094,6.165985253182054e-08,6.343729769203597e-08
0.5,48.93710094624537,6.003948414623379e-08,6.175579212099196e-08
0.5,49.42051570574768,5.846064457892038e-08,6.011792814209813e-08
0.5,49.9087057752946,5.692230675688959e-08,5.8522605231610694e-08
0.5,50.40171832677241,5.542346765391961e-08,5.696874948553554e-08
0.5,50.89960099804473,5.396314777864689e-08,5.545531301671583e-08
0.5,51.40240189755574,5.2540390671506404e-08,5.398127336402834e-08
0.5,51.91016960897868,5.1154262410465125e-08,5.254563291351228e-08
0.5,52.42295319591026,4.980385112548265e-08,5.114741833125064e-08
0.5,52.940802206611544,4.848826652162179e-08,4.978568000781697e-08
0.5,53.463766678795494,4.720663941074323e-08,4.8459491514116115e-08
0.5,53.991897144462165,4.5958121251698245e-08,4.716794906843083e-08
0.5,54.52524463478109,4.4741883698931834e-08,4.59101710144888e-08
0.5,55.063860685022405,4.3557118159424765e-08,4.468529731038395e-08
0.5,55.607797339536496,4.2403035357879395e-08,4.349248902816598e-08
0.5,56.157107156782786,4.12788649100496e-08,4.233092786391078e-08
0.5,56.7118432144083,4.0183854904146034e-08,4.119981565811864e-08
0.5,57.2720591143763,3.9117271490194413e-08,4.00983739262366e-08
0.5,57.83780898814563,3.8078398477270514e-08,3.902584339915015e-08
0.5,58.40914750190143,3.706653693850822e-08,3.798148357346546e-08
0.5,58.986129861836936,3.608100482377641e-08,3.6964572271405056e-08
0.5,59.56881181948812,3.5121136579933466e-08,3.597440521015569e-08
0.5,60.15724967712067,3.418628277854824e-08,3.5010295580489915e-08
0.5,60.751500293170224,3.3275809750992925e-08,3.407157363450168e-08
0.5,61.35162108773643,3.2389099230801346e-08,3.315758628228697e-08
0.5,61.95767004813113,3.152554800318847e-08,3.2267696697404866e-08
0.5,62.569705734481666,3.068456756162904e-08,3.1401283930958836e-08
0.5,63.187787285389014,2.98655837713895e-08,3.05577425341365e-08
0.5,63.81197442364231,2.9068036539909227e-08,2.9736482189049727e-08
0.5,64.44232746198958,2.8291379493925376e-08,2.8936927347717546e-08
0.5,65.07890730896551,2.753507966323745e-08,2.8158516879037825e-08
0.5,65.72177547477685,2.679861717100843e-08,2.7400703723596225e-08
0.5,66.37099407724574,2.608148493049406e-08,2.666295455615751e-08
0.5,67.0266258478123,2.5383188348099545e-08,2.5944749455693625e-08
0.5,67.6887341375956,2.4703245032659306e-08,2.5245581582801044e-08
0.5,68.3573829235154,2.4041184510835114e-08,2.4564956864360903e-08
0.5,69.03263681447386,2.3396547948530975e-08,2.3902393685300285e-08
0.5,69.71456105759843,2.2768887878222028e-08,2.3257422587313203e-08
0.5,70.4032215445465,2.215776793209552e-08,2.262958597440199e-08
0.5,71.09868481787218,2.156276258090301e-08,2.2018437825102403e-08
0.5,71.80101807745599,2.0983456878426317e-08,2.1423543411260248e-08
0.5,72.51028918699845,2.0419446211451544e-08,2.0844479023220487e-08
0.5,73.22656668057698,1.987033605515746e-08,2.0280831701302957e-08
0.5,73.9499197692684,1.933574173382313e-08,1.973219897343851e-08
0.5,74.68041834783652,1.881528818674839e-08,1.9198188598829286e-08
0.5,75.41813300148564,1.8308609739301758e-08,1.867841831751893e-08
0.5,76.16313501268107,1.781534987899433e-08,1.8172515605743424e-08
0.5,76.91549636803671,1.733516103648945e-08,1.768011743694562e-08
0.5,77.67528976527122,1.6867704371452297e-08,1.720087004833171e-08
0.5,78.44258862023193,1.6412649563150662e-08,1.6734428712856086e-08
0.5,79.21746707398916,1.5969674605714675e-08,1.6280457516518257e-08
0.5,80.0,1.5531826373672165e-08,1.5831989906565452e-08
0.9,2.320883041761887,0.0,9.5257621563614e-05
0.9,2.3485249810964786,2.859859124516757e-07,8.911132388902177e-05
0.9,2.376496138576245,1.0377534700068294e-06,8.393819245296177e-05
0.9,2.4048004352208303,2.1555529094037725e-06,7.959088946159585e-05
0.9,2.4334418387495966,3.5443577839793723e-06,7.593211887700883e-05
0.9,2.462424364137825,5.1266433451861086e-06,7.284670476013411e-05
0.9,2.4917520741795363,6.839314027117182e-06,7.02379252205016e-05
0.9,2.5214290800570174,8.631189847398333e-06,6.802449342047645e-05
0.9,2.551459541917129,1.0460943341569158e-05,6.613806241347942e-05
0.9,2.581847669454481,1.2295401223681844e-05,6.452115595504039e-05
0.9,2.612597722501549,1.4108142494135553e-05,6.312544716375848e-05
0.9,2.643714011625819,1.5878338403262368e-05,6.19103223612886e-05
0.9,2.6752008987340528,1.758979042551255e-05,6.084167958352452e-05
0.9,2.707062797683736,1.9230130879701175e-05,5.989092087917913e-05
0.9,2.7393041749018217,2.0790157556016206e-05,5.903410516465016e-05
0.9,2.771929550010835,2.2263279068412408e-05,5.825123451786063e-05
0.9,2.804943496462438,2.3645051938398174e-05,5.7525651699981146e-05
0.9,2.8383506421785407,2.4932793861330715e-05,5.684353064790878e-05
0.9,2.872155670200047,2.612526038562296e-05,5.6193444879828054e-05
0.9,2.906363319343324,2.72223744859173e-05,5.5566001355145545e-05
0.9,2.940978384864498,2.8225000340421242e-05,5.4953529449086536e-05
0.9,2.976005719131655,2.913475411423368e-05,5.434981643596982e-05
0.9,3.011450232305048,2.995384577090808e-05,5.3749882298509734e-05
0.9,3.047316893025411,3.068494693607658e-05,5.314978785272322e-05
0.9,3.0836107291104637,3.1331080661414114e-05,5.254647114646188e-05
0.9,3.1203368282597164,3.189552961775877e-05,5.193760789199237e-05
0.9,3.157500338767669,3.238175980945265e-05,5.132149235975394e-05
0.9,3.1951064702455008,3.279335736936914e-05,5.069693571590795e-05
0.9,3.23316049435136,3.313397638285181e-05,5.006317925025777e-05
0.9,3.2716677455293484,3.340729601290865e-05,4.941982032961901e-05
0.9,3.3106336217573062,3.361698546983648e-05,4.876674923781259e-05
0.9,3.35006358530351,3.376667559518851e-05,4.8104095337743246e-05
0.9,3.389963163492373,3.3859936020230605e-05,4.7432181222276866e-05
0.9,3.4303379494792705,3.3900257018922e-05,4.675148371598482e-05
0.9,3.471193603034596,3.389103531006033e-05,4.606260075516086e-05
0.9,3.512535851337148,3.38355631767745e-05,4.5366223313752214e-05
0.9,3.5543704897769772,3.373702036744105e-05,4.466311166196923e-05
0.9,3.5967033827677812,3.359846832320939e-05,4.395407534570959e-05
0.9,3.639540464568988,3.3422846346047423e-05,4.323995636136486e-05
0.9,3.6828877401176228,3.321296937947888e-05,4.2521615074340643e-05
0.9,3.726751285870087,3.297152712366837e-05,4.179991849270684e-05
0.9,3.77113725065396,3.270108424857418e-05,4.107573056141077e-05
0.9,3.8160518565299464,3.2404081504650864e-05,4.034990418877127e-05
0.9,3.8615013996640877,3.2082837561074094e-05,3.962327475674304e-05
0.9,3.907492251210371,3.1739551427409575e-05,3.889665490058805e-05
0.9,3.9540308582038306,3.1376305336794286e-05,3.817083037299198e-05
0.9,4.001123744464312,3.099506798757907e-05,3.744655683297287e-05
0.9,4.048777511510977,3.059769805651214e-05,3.672455742176692e-05
0.9,4.096998839487712,3.018594791029923e-05,3.600552100670405e-05
0.9,4.145794488099562,2.97614674541216e-05,3.5290100990347835e-05
0.9,4.1951712975602975,2.9325808065752645e-05,3.4578914596258984e-05
0.9,4.2451361895513,2.88804265724447e-05,3.3872542554866137e-05
0.9,4.295696168191833,2.842668923509873e-05,3.3171529123481505e-05
0.9,4.346858321020892,2.7965875710460076e-05,3.247638238360413e-05
0.9,4.398629819990744,2.749918296738984e-05,3.178757476653714e-05
0.9,4.451017922472293,2.702772913781707e-05,3.110554376521338e-05
0.9,4.5040299722724235,2.655255728679903e-05,3.0430692796022663e-05
0.9,4.5576734006634645,2.60746390894238e-05,2.976339217961005e-05
0.9,4.6119557274249114,2.5594878405046908e-05,2.9103980214054106e-05
0.9,4.666884561897554,2.511411474171327e-05,2.845276431771091e-05
0.9,4.722467604050157,2.4633126605602148e-05,2.7810022222364634e-05
0.9,4.778712645558853,2.4152634732001095e-05,2.7176003200230918e-05
0.9,4.835627570899386,2.3673305195724763e-05,2.6550929310887583e-05
0.9,4.893220358452353,2.3195752400057304e-05,2.593499665638283e-05
0.9,4.9514990816216375,2.2720541944281318e-05,2.5328376634672935e-05
0.9,5.010471909966132,2.2248193370649555e-05,2.473121718316743e-05
0.9,5.070147110344956,2.177918279232905e-05,2.4143644005588673e-05
0.9,5.1305330480763205,2.131394540437057e-05,2.3565761776563347e-05
0.9,5.191638188110167,2.0852877880193052e-05,2.299765531942466e-05
0.9,5.253471096214811,2.0396340656409683e-05,2.2439390753610187e-05
0.9,5.316040440177685,1.9944660109085243e-05,2.189101660882151e-05
0.9,5.3793549910203975,1.94981306247159e-05,2.135256490378624e-05
0.9,5.443423624228272,1.90570165693562e-05,2.082405218802803e-05
0.9,5.508255320994506,1.8621554159420768e-05,2.0305480545547337e-05
0.9,5.573859169479169,1.819195323774446e-05,1.9796838559731993e-05
0.9,5.64024436608319,1.7768398958501726e-05,1.929810223916382e-05
0.9,5.70742021673751,1.735105338458995e-05,1.8809235904293108e-05
0.9,5.775396138207603,1.6940057001050676e-05,1.8330193035198736e-05
0.9,5.844181659413522,1.6535530148054427e-05,1.7860917080857152e-05
0.9,5.913786422765665,1.613757437692287e-05,1.7401342230524347e-05
0.9,5.984220185516469,1.574627373257917e-05,1.6951394147965623e-05
0.9,6.055492821128175,1.5361695965743123e-05,1.6510990669390376e-05
0.9,6.12761432065691,1.4983893678092034e-05,1.60800424660339e-05
0.9,6.200594794153235,1.4612905403516061e-05,1.565845367240228e-05
0.9,6.274444472079379,1.4248756628496957e-05,1.524612248124968e-05
0.9,6.349173706743363,1.3891460754530466e-05,1.4842941706389527e-05
0.9,6.424792973750177,1.3541020005420771e-05,1.4448799314479293e-05
0.9,6.501312873470282,1.3197426282156224e-05,1.4063578926919235e-05
0.9,6.57874413252556,1.286066196798127e-05,1.3687160293021811e-05
0.9,6.657097605292985,1.2530700686170027e-05,1.3319419735601138e-05
0.9,6.736384275426208,1.2207508012906597e-05,1.296023057012602e-05
0.9,6.816615257395237,1.1891042147573587e-05,1.2609463498563644e-05
0.9,6.897801798044493,1.1581254542652906e-05,1.2266986979024433e-05
0.9,6.979955278169385,1.1278090495346957e-05,1.1932667572297379e-05
0.9,7.063087214111683,1.0981489702931377e-05,1.1606370266337348e-05
0.9,7.147209259373899,1.0691386783759609e-05,1.1287958779739144e-05
0.9,7.232333206252871,1.040771176575477e-05,1.0977295845207775e-05
0.9,7.31847098749282,1.0130390544132249e-05,1.067424347399742e-05
0.9,7.405634677958098,9.859345310018347e-06,1.037866320226466e-05
0.9,7.493836496325843,9.594494951550241e-06,1.0090416320249003e-05
0.9,7.5830888067988145,9.335755428961479e-06,9.809364085156763e-06
0.9,7.673404120838606,9.083040125090583e-06,9.535367918598729e-06
0.9,7.764795098919521,8.836260172673005e-06,9.268289589392815e-06
0.9,7.857274552303317,8.595324759713543e-06,9.00799138251523e-06
0.9,7.950855444835118,8.360141414166973e-06,8.75433625494728e-06
0.9,8.045550894760677,8.13061626909832e-06,8.507187979139343e-06
0.9,8.141374176565309,7.906654309427908e-06,8.26641127477582e-06
0.9,8.238338722834728,7.688159601315857e-06,8.031871929501067e-06
0.9,8.336458126138021,7.475035505181932e-06,7.803436909232336e-06
0.9,8.435746140933086,7.267184873307271e-06,7.580974458659581e-06
0.9,8.536216685494724,7.0645102329147724e-06,7.3643541925038e-06
0.9,8.637883843865723,6.8669139555774945e-06,7.153447178078286e-06
0.9,8.740761867831173,6.674298413759616e-06,6.948126009671232e-06
0.9,8.844865178916283,6.486566125253075e-06,6.748264875244222e-06
0.9,8.950208370408019,6.303619886230327e-06,6.553739615914868e-06
0.9,9.056806209400785,6.125362893597382e-06,6.364427778670978e-06
0.9,9.164673638866493,5.951698857292804e-06,6.180208662739408e-06
0.9,9.273825779749282,5.782532103144393e-06,6.000963360012279e-06
0.9,9.384277933085194,5.6177676668624405e-06,5.826574789912919e-06
0.9,9.496045582147064,5.457311379714657e-06,5.656927729061834e-06
0.9,9.609144394614994,5.301069946402689e-06,5.49190883608886e-06
0.9,9.723590224772655,5.148951015625674e-06,5.331406671913414e-06
0.9,9.839399115729757,5.000863243795107e-06,5.1753117158032935e-06
0.9,9.956587301670984,4.856716352335249e-06,5.023516377501425e-06
0.9,10.075171210131716,4.716421178982085e-06,4.875915005697218e-06
0.9,10.195167464300843,4.579889723469546e-06,4.732403893102847e-06
0.9,10.316592885351046,4.447035187969388e-06,4.592881278379894e-06
0.9,10.43946449479676,4.317772012631945e-06,4.457247345149588e-06
0.9,10.563799516880303,4.1920159065542905e-06,4.325404218305807e-06
0.9,10.689615380986375,4.069683874483721e-06,4.197255957837464e-06
0.9,10.8169297240853,3.950694239548028e-06,4.072708550356315e-06
0.9,10.945760393205404,3.834966662285836e-06,3.951669898513408e-06
0.9,11.076125447934864,3.7224221562352266e-06,3.8340498084774796e-06
0.9,11.208043162953249,3.612983100324915e-06,3.7197599756394134e-06
0.9,11.341532030593317,3.5065732482960896e-06,3.6087139686952676e-06
0.9,11.47661076343329,3.4031177353708943e-06,3.5008272122524447e-06
0.9,11.613298296919995,3.3025430823713227e-06,3.3960169680953834e-06
0.9,11.75161379202322,3.2047771974790594e-06,3.2942023152376645e-06
0.9,11.891576637921757,3.1097493758159986e-06,3.195304128880134e-06
0.9,12.033206454721379,3.017390297015011e-06,3.0992450583878315e-06
0.9,12.176523096205177,2.927632020939406e-06,3.005949504390497e-06
0.9,12.321546652616721,2.840407981700813e-06,2.9153435951056683e-06
0.9,12.468297453476302,2.7556529801154907e-06,2.8273551619764284e-06
0.9,12.616796070430736,2.673303174730853e-06,2.7419137147102663e-06
0.9,12.767063320137117,2.5932960715457417e-06,2.658950415799714e-06
0.9,12.919120267180954,2.5155705125407465e-06,2.578398054600519e-06
0.9,13.07298822702895,2.4400666631268695e-06,2.500191021037298e-06
0.9,13.228688769017069,2.366725998614447e-06,2.4242652790022948e-06
0.9,13.386243719374136,2.2954912897982887e-06,2.3505583395088637e-06
0.9,13.54567516428146,2.22630658774782e-06,2.27900923365596e-06
0.9,13.707005452968865,2.159117207886158e-06,2.2095584854568032e-06
0.9,13.870257200847655,2.093869713436078e-06,2.1421480845805337e-06
0.9,14.035453292680858,2.030511898306381e-06,2.0767214590527883e-06
0.9,14.202616885791205,1.9689927694863257e-06,2.0132234479567276e-06
0.9,14.371771413307346,1.909262529012317e-06,1.951600274173961e-06
0.9,14.542940587448792,1.8512725555658917e-06,1.8917995172009485e-06
0.9,14.716148402849807,1.794975385758594e-06,1.833770086074266e-06
0.9,14.891419139923057,1.740324695155208e-06,1.7774621924351308e-06
0.9,15.068777368263264,1.6872752790831783e-06,1.7228273237610593e-06
0.9,15.248247950091377,1.6357830332727792e-06,1.6698182167902962e-06
0.9,15.429856043739756,1.58580493436967e-06,1.6183888311627077e-06
0.9,15.61362710717893,1.5372990203576897e-06,1.5684943232979753e-06
0.9,15.799586901586295,1.4902243709279445e-06,1.5200910205310104e-06
0.9,15.987761494957319,1.4445410878267416e-06,1.4731363955218283e-06
0.9,16.17817726575981,1.400210275212615e-06,1.4275890409556143e-06
0.9,16.37086090663166,1.3571940200508777e-06,1.3834086445476269e-06
0.9,16.56583942812261,1.3154553725712818e-06,1.3405559643654518e-06
0.9,16.763140162480642,1.2749583268121056e-06,1.2989928044795082e-06
0.9,16.962790767483465,1.235667801273245e-06,1.2586819909526118e-06
0.9,17.16481923031553,1.1975496196975942e-06,1.2195873481766898e-06
0.9,17.369253871491335,1.1605704919990812e-06,1.1816736755643996e-06
0.9,17.57612334882544,1.1246979953540897e-06,1.1449067246022958e-06
0.9,17.785456661449725,1.0899005554712806e-06,1.1092531762709888e-06
0.9,17.997283153878474,1.0561474280534016e-06,1.0746806188367818e-06
0.9,18.211632520121984,1.0234086804634132e-06,1.0411575260184799e-06
0.9,18.428534807849047,9.916551736062269e-07,1.0086532355324558e-06
0.9,18.648020422599057,9.608585440356478e-07,9.771379280177664e-07
0.9,18.870120132044285,9.309911862956264e-07,9.465826063430131e-07
0.9,19.094865070302983,9.020262355035413e-07,9.169590752956243e-07
0.9,19.322286742303675,8.739375501822582e-07,8.882399216536109e-07
0.9,19.552417028201607,8.466996953470888e-07,8.603984946395532e-07
0.9,19.785288187847758,8.202879258528157e-07,8.334088867559349e-07
0.9,20.020932865311007,7.946781700049358e-07,8.072459150002262e-07
0.9,20.25938409345421,7.698470134390022e-07,7.818851024581222e-07
0.9,20.50067529856479,7.457716832709394e-07,7.573026602726096e-07
0.9,20.744840305040476,7.224300325207254e-07,7.334754699863113e-07
0.9,20.99191334013077,6.998005248111474e-07,7.103810662541026e-07
0.9,21.241929038735034,6.778622193429906e-07,6.879976199228851e-07
0.9,21.49492244825759,6.565947561473256e-07,6.663039214749231e-07
0.9,21.75092903352069,6.359783416152413e-07,6.452793648310356e-07
0.9,22.009984681736,6.159937343048122e-07,6.249039315095752e-07
0.9,22.272125707535384,5.966222310248256e-07,6.051581751370504e-07
0.9,22.537388858061373,5.778456531944286e-07,5.86023206306055e-07
0.9,22.80581131811851,5.596463334773274e-07,5.674806777758137e-07
0.9,23.07743071538594,5.420071026891774e-07,5.495127700108154e-07
0.9,23.352285125692067,5.249112769762648e-07,5.321021770526201e-07
0.9,23.63041307835204,5.083426452634009e-07,5.152320927198943e-07
0.9,23.91185356156882,4.922854569688475e-07,4.988861971317558e-07
0.9,24.19664602789869,4.767244099836438e-07,4.830486435491993e-07
0.9,24.48483039978157,4.616446389126902e-07,4.6770404552947987e-07
0.9,24.776447075137465,4.470317035747864e-07,4.5283746438828926e-07
0.9,25.071536933029556,4.3287157775843096e-07,4.384343969642853e-07
0.9,25.370141339394507,4.191506382304228e-07,4.2448076368087167e-07
0.9,25.672302152841247,4.0585565399380524e-07,4.109628968997295e-07
0.9,25.97806173051882,3.929737757918342e-07,3.9786752956083564e-07
0.9,26.287462934053902,3.8049252585448217e-07,3.851817841036295e-07
0.9,26.600549135559245,3.683997878838815e-07,3.7289316166396306e-07
0.9,26.917364223713697,3.56683797274981e-07,3.6098953154142907e-07
0.9,27.237952609914398,3.453331315678845e-07,3.494591209319292e-07
0.9,27.5623592345025,3.3433670112788145e-07,3.3829050491996547e-07
0.9,27.890629573062913,3.2368374004953e-07,3.274725967255588e-07
0.9,28.22280964279918,3.1336379728087496e-07,3.1699463820048573e-07
0.9,28.55894600898408,3.0336672796392866e-07,3.068461905686397e-07
0.9,28.89908579148724,2.9368268498758633e-07,2.970171254054244e-07
0.9,29.243276671380542,2.843021107489922e-07,2.874976158509914e-07
0.9,29.591566897621906,2.752157291195197e-07,2.7827812805233823e-07
0.9,29.944005293818968,2.6641453761144885e-07,2.693494128292549e-07
0.9,30.3006412650733,2.5788979974143605e-07,2.607024975591687e-07
0.9,30.66152480490586,2.496330375868966e-07,2.523286782760137e-07
0.9,31.02670650226528,2.4163602453146126e-07,2.4421951197833483e-07
0.9,31.39623754861937,2.3389077819560442e-07,2.3636680914181858e-07
0.9,31.770169745131334,2.263895535486802e-07,2.2876262643162154e-07
0.9,32.148555509921074,2.1912483619855187e-07,2.213992596098585e-07
0.9,32.53144788541334,2.120893358550657e-07,2.142692366337133e-07
0.9,32.91890054577334,2.052759799636125e-07,2.0736531093966528e-07
0.9,33.31096780443061,1.9867790750512967e-07,2.006804549094678e-07
0.9,33.70770462169286,1.92288462958884e-07,1.9420785351353533e-07
0.9,34.10916661245042,1.861011904244029e-07,1.8794089812745398e-07
0.9,34.51541005397219,1.8010982789903497e-07,1.8187318051747429e-07
0.9,34.92649189379472,1.7430830170760284e-07,1.759984869908542e-07
0.9,35.342469757705295,1.6869072108066388e-07,1.7031079270700078e-07
0.9,35.763401957819745,1.6325137287798868e-07,1.6480425614547923e-07
0.9,36.18934750075681,1.5798471645388798e-07,1.5947321372700242e-07
0.9,36.620366095909674,1.5288537866102407e-07,1.543121745835438e-07
0.9,37.05651816381622,1.4794814898950942e-07,1.4931581547390506e-07
0.9,37.49786484462863,1.4316797483801762e-07,1.4447897584101374e-07
0.9,37.94446800668414,1.385399569137891e-07,1.3979665300740376e-07
0.9,38.396390255177934,1.340593447583874e-07,1.3526399750532416e-07
0.9,38.85369494093893,1.2972153239619564e-07,1.3087630853807428e-07
0.9,39.31644616931052,1.2552205410261702e-07,1.2662902956915512e-07
0.9,39.78470880913695,1.2145658028905265e-07,1.2251774403595243e-07
0.9,40.25854850185655,1.1752091350177943e-07,1.185381711847336e-07
0.9,40.738031670703464,1.1371098453186054e-07,1.1468616202376464e-07
0.9,41.223225530018894,1.1002284863335012e-07,1.1095769539149758e-07
0.9,41.71419809467341,1.0645268184703532e-07,1.0734887413677407e-07
0.9,42.211018189601056,1.029967774270532e-07,1.0385592140809855e-07
0.9,42.713755459447476,9.965154236778347e-08,1.0047517704911058e-07
0.9,43.222480378332804,9.641349402842229e-08,9.72030940974024e-08
0.9,43.73726425973059,9.32792568527491e-08,9.403623538394553e-08
0.9,44.25817926646466,9.024555918163693e-08,9.097127023044075e-08
0.9,44.78529842082515,8.730923015586608e-08,8.80049712419246e-08
0.9,45.3186956148045,8.44671967069302e-08,8.513421119210564e-08
0.9,45.858445620455875,8.171648063350561e-08,8.235595999889475e-08
0.9,46.404624100374896,7.905419576133536e-08,7.96672817876834e-08
0.9,46.95730761830579,7.647754518434287e-08,7.706533203999634e-08
0.9,47.516573649874374,7.398381858481206e-08,7.454735482517517e-08
0.9,48.08250059344853,7.157038963052276e-08,7.211068011280942e-08
0.9,48.65516778112836,6.923471344680929e-08,6.975272116371811e-08
0.9,49.23465548986674,6.697432416151318e-08,6.747097199729568e-08
0.9,49.82104495272272,6.478683252088537e-08,6.526300493312671e-08
0.9,50.41441837024905,6.266992357451445e-08,6.312646820480268e-08
0.9,51.01485892201475,6.062135442741367e-08,6.10590836439354e-08
0.9,51.6224507782655,5.863895205744317e-08,5.905864443241257e-08
0.9,52.237279111722806,5.672061119629111e-08,5.712301292099321e-08
0.9,52.8594301095233,5.4864292272264654e-08,5.52501185123738e-08
0.9,53.48899098530072,5.306801941320396e-08,5.3437955606923393e-08
0.9,54.126049991411456,5.132987850786475e-08,5.16845816093234e-08
0.9,54.77069643130612,4.964801532415509e-08,4.998811499439265e-08
0.9,55.423020672047784,4.802063368264771e-08,4.834673343041856e-08
0.9,56.083114156979896,4.644599368384255e-08,4.6758671958373105e-08
0.9,56.75106941854508,4.492240998767683e-08,4.5222221225418927e-08
0.9,57.426980091256,4.344825014383004e-08,4.373572577116523e-08
0.9,58.11094092482137,4.2021932971400593e-08,4.22975823651661e-08
0.9,58.80304779742817,4.064192698656341e-08,4.090623839419019e-08
0.9,59.5033977291816,3.930674887687023e-08,3.9560190297846734e-08
0.9,60.212088895705605,3.801496202086947e-08,3.825798205117118e-08
0.9,60.92922064190539,3.676517505176897e-08,3.699820369282333e-08
0.9,61.65489349589331,3.555604046388881e-08,3.577948989757827e-08
0.9,62.389209183081256,3.438625326069654e-08,3.460051859183758e-08
0.9,63.13227064044042,3.3254549643237165e-08,3.346000961091211e-08
0.9,63.8841820309314,3.215970573780394e-08,3.2356723396863144e-08
0.9,64.64504875810542,3.110053636173376e-08,3.1289459735729576e-08
0.9,65.4149774808801,3.007589382622909e-08,3.025705653298916e-08
0.9,66.19407612849119,2.9084666775148442e-08,2.9258388626144133e-08
0.9,66.98245391562176,2.8125779058728972e-08,2.8292366633345673e-08
0.9,67.78022135771225,2.7198188641229485e-08,2.7357935836998077e-08
0.9,68.58749028645275,2.6300886541526972e-08,2.6454075101330747e-08
0.9,69.4043738654593,2.5432895805695162e-08,2.5579795822923232e-08
0.9,70.23098660613745,2.4593270510655435e-08,2.4734140913232255e-08
0.9,71.06744438373474,2.378109479798383e-08,2.3916183812165007e-08
0.9,71.91386445358384,2.2995481937004962e-08,2.3125027531791566e-08
0.9,72.77036546753972,2.223557341631658e-08,2.235980372930396e-08
0.9,73.63706749061221,2.1500538062911265e-08,2.161967180835373e-08
0.9,74.51409201779715,2.0789571188092267e-08,2.0903818047931766e-08
0.9,75.4015619911072,2.0101893759397316e-08,2.0211454757972526e-08
0.9,76.29960181680615,1.9436751597763625e-08,1.9541819460885416e-08
0.9,77.20833738284854,1.87934145991955e-08,1.8894174098245707e-08
0.9,78.1278960765263,1.817117598021183e-08,1.8267804261894377e-08
0.9,79.05840680232618,1.756935154636997e-08,1.7662018448716738e-08
0.9,80.0,1.6976737935579144e-08,1.7065606290787505e-08
